Seq,Cluster,Nstars,RA_ICRS,DE_ICRS,pmRA,pmDE,Plx,logAge,Z,AV,MOD,SimbadName,_RA.icrs,_DE.icrs
0,ASCC_10,129,51.78416323589,+34.84709344355,-1.8157880266626281,-1.4702938062966564,1.4501017991950180,8.565278500000000,0.1085370000000000,0.6293160000000000,9.1003229999999995,[KPR2005]10,51.78417306940,+34.84709997819
1,ASCC_101,154,288.41153435280,+36.34733221936,0.9780433304082587,1.2342143065269595,2.4828039528429984,8.441943000000000,0.0042960000000000,0.1898405000000000,8.0797340000000002,[KPR2005]101,288.41152895592,+36.34732673396
2,ASCC_105,181,295.58935313448,+27.49288541553,1.3961089272332574,-1.6260625768424952,1.7556195921828133,7.891654000000000,0.0507145000000000,0.4092590000000000,8.7701930000000008,[KPR2005]105,295.58934613961,+27.49289264248
3,ASCC_107,63,297.17084324992,+21.96166082885,-0.2225471935657750,-5.1361149945478957,1.0948511564125487,7.196614000000000,0.3529330000000000,1.6897549999999999,9.7000840000000004,[KPR2005]107,297.17084431641,+21.96168365603
4,ASCC_11,280,53.04128116941,+44.84954039705,0.9192470965565164,-3.0753516281864570,1.1398295251016335,8.795452000000001,-0.0554090000000000,0.6002769999999999,9.6893259999999994,[KPR2005]11,53.04127540669,+44.84955406528
5,ASCC_111,147,302.94125128004,+37.47944360079,-1.1453174027476298,-1.5903379017184505,1.1285162708203320,8.683383500000001,0.0808840000000000,0.3909770000000000,9.6490639999999992,[KPR2005]111,302.94125769446,+37.47945066896
6,ASCC_113,338,318.03076737969,+38.78179428757,0.8313734616024473,-3.7057032714203575,1.7408185584386806,8.635545499999999,-0.0505360000000000,0.1308450000000000,8.7485510000000009,[KPR2005]113,318.03076263971,+38.78181075736
7,ASCC_114,201,325.01837298559,+53.99606724613,-3.6980831424932208,-3.4613197650898817,1.0382885274294500,7.795484500000001,0.0343720000000000,0.9185250000000000,9.7905549999999995,[KPR2005]114,325.01840094543,+53.99608262977
8,ASCC_115,85,329.23243367283,+51.50961639729,-0.5500565605963237,-0.6779580118015358,1.2771050396502590,8.292209499999998,0.0495170000000000,0.7190765000000000,9.3205080000000002,[KPR2005]115,329.23243760079,+51.50961941043
9,ASCC_123,217,353.26240420438,+52.93742508766,7.9560146662499633,-2.3445843519321907,2.2264690767278057,7.874789000000000,-0.0076850000000000,0.0003890000000000,6.8110169999999997,[KPR2005]123,353.26234553366,+52.93743550802
10,ASCC_127,243,-13.04212291925,+65.22869772138,7.4306685136397013,-1.7149485271978064,2.6165016884236838,7.301121500000001,0.1521380000000000,0.4292330000000000,7.8798149999999998,[KPR2005]127,346.95779826115,+65.22870534336
11,ASCC_128,105,-10.19666129915,+54.40640015094,1.2356436253339600,0.1507561428950439,1.4936263781853949,8.487814000000000,0.0252230000000000,0.4100230000000000,9.1297529999999991,[KPR2005]128,349.80332926538,+54.40639948091
12,ASCC_16,508,81.39757440502,+1.76714694339,1.3824010287165971,-0.1285608653987789,2.8410260093392230,7.121747500000000,-0.0569070000000000,0.1994900000000000,7.5837780000000006,[KPR2005]16,81.39756825809,+1.76714751477
13,ASCC_19,183,81.98841402951,-1.94031996562,1.1693636070042628,-1.1849878771188662,2.7692791059448778,7.027323000000000,0.0759100000000000,0.1298790000000000,7.6999630000000003,[KPR2005]19,81.98840882935,-1.94031469900
14,ASCC_21,406,81.83535944672,+2.46583189689,1.4364238360565831,-0.3072442877294927,2.8444114411455024,6.986064000000000,-0.0082130000000000,0.0996355000000000,7.6598150000000000,[KPR2005]21,81.83535305670,+2.46583326242
15,ASCC_23,141,95.05655905988,+46.72867968402,1.0653226153236852,-0.6096950376123265,1.5732898022308954,8.403506000000000,0.0248360000000000,0.3394450000000000,9.0000654999999998,[KPR2005]23,95.05655215239,+46.72868239378
16,ASCC_32,432,105.76821014326,-26.56294719533,-3.2013230428935406,3.4835211929586207,1.2097795631874630,7.385994500000000,-0.0034105000000000,0.2583290000000000,9.5297769999999993,[KPR2005]32,105.76822605047,-26.56296267765
17,ASCC_41,157,116.68719918181,+0.17453166594,0.6710424644686507,-3.9437012316706439,3.3448985982455550,7.807900500000001,-0.0886740000000000,0.0008780000000000,7.3895819999999999,[KPR2005]41,116.68719619939,+0.17454919350
18,ASCC_58,324,153.95386326702,-55.18887485566,-13.4044974889323765,2.7027122435588660,2.0857682426959121,7.660710500000000,0.0573070000000000,0.2497560000000000,8.4596140000000002,[KPR2005]58,153.95396762572,-55.18888686767
19,ASCC_73,71,189.12897221819,-67.18510605177,-11.5219655049097955,-2.8616227746322318,1.5284367733645201,8.515983000000000,-0.1507565000000000,0.2320225000000000,9.0227004999999991,[KPR2005]73,189.12910428272,-67.18509333340
20,ASCC_79,236,229.82174879681,-60.81481974902,-3.0268200586059808,-3.9679969508997193,1.1432629945682131,7.066326000000000,0.0476730000000000,0.4122160000000000,9.4341419999999996,[KPR2005]79,229.82177638416,-60.81480211347
21,ASCC_85,171,251.87394648330,-45.54401428650,0.1692027847512774,-4.1223618035178742,1.0988734852293529,7.964308000000000,0.0964130000000000,0.5592070000000000,9.5905649999999998,[KPR2005]85,251.87394540955,-45.54399596489
22,ASCC_87,99,255.64461509869,-28.41692700820,-1.1854478898212271,-3.7729169170817456,1.2695407812052693,8.631286500000000,0.1407290000000000,0.5694770000000000,9.4502780000000008,[KPR2005]87,255.64462108915,-28.41691023968
23,ASCC_88,101,256.88817587023,-35.58385195815,0.8982607049003373,-3.2822451958927710,1.0664183740493789,8.660763500000000,0.1001350000000000,1.4497110000000000,9.8498450000000002,[KPR2005]88,256.88817096129,-35.58383737039
24,ASCC_90,116,264.83774812070,-34.88782906292,-1.5786413181738954,-2.7306118564468891,1.6910963479884189,9.036250000000001,0.0831370000000000,0.3201440000000000,8.7293699999999994,[KPR2005]90,264.83775667416,-34.88781692687
25,ASCC_97,261,279.31611376346,-19.14099120353,-2.4204176919197700,-6.4183755790027694,1.6925084137475923,7.942194000000001,0.1051795000000000,1.1676614999999999,8.8907679999999996,[KPR2005]97,279.31612515041,-19.14096267741
26,ASCC_99,108,282.26872622837,-18.43916667064,5.2298816098141838,-1.4214135727071890,3.3264948001140930,8.778006000000000,-0.0397105000000000,0.4698240000000000,7.2797640000000001,[KPR2005]99,282.26870172653,-18.43916035324
27,Alessi_1,115,13.44069417438,+49.44183683809,6.3688463970330806,-6.0237507265523274,1.3600363897569985,9.061802000000000,-0.1084060000000000,0.0809520000000000,9.1895220000000002,ClAlessi1,13.44065064140,+49.44186361031
28,Alessi_10,103,301.25172552951,-10.53256952700,1.4772371710747436,-7.8837397806711511,2.2257929097354303,7.979756000000000,0.0193270000000000,0.3303110000000000,8.3596140000000005,ClAlessi10,301.25171885150,-10.53253448816
29,Alessi_12,328,310.84757679402,+23.83321074664,4.2729514407597513,-4.6773227185139001,1.8011167288522230,8.122427999999999,-0.0201500000000000,0.1035240000000000,8.6021110000000007,ClAlessi12,310.84755603271,+23.83323153473
30,Alessi_13,94,52.38332127058,-35.17669101895,35.2324048946643131,-4.8845213723206129,9.3533225333446648,7.690035000000000,0.2311690000000000,0.0998190000000000,5.1098540000000003,ClAlessi13,52.38312969683,-35.17666930982
31,Alessi_19,142,274.82700091507,+12.26655392162,-1.0065312940489559,-7.0634596197046449,1.6756005969737688,7.659688500000000,0.1288750000000000,0.3096600000000000,8.7899434999999997,ClAlessi19,274.82700549306,+12.26658531477
32,Alessi_2,198,71.61852157492,+55.18084437737,-0.9246746785527182,-1.0993128945468422,1.5832000994235162,8.845720500000001,0.0575710000000000,0.5201985000000000,9.0893540000000002,ClAlessi2,71.61852877238,+55.18084926321
33,Alessi_20,272,2.54072643865,+58.70600459261,8.1136784742062780,-2.4559615069623755,2.2941341694380828,7.200215000000000,-0.1034265000000000,0.5953330000000000,8.0437945000000006,ClAlessi20,2.54065701479,+58.70601550797
34,Alessi_21,357,107.74961533414,-9.62229403957,-5.4824191593338094,2.6847898767932330,1.6991425588641658,7.781079000000000,-0.0059480000000000,0.2894880000000000,8.8498535000000000,ClAlessi21,107.74964004815,-9.62230597197
35,Alessi_24,241,260.80882377287,-62.61009437013,-0.4611997332975364,-8.9455614742825489,2.0188886738077909,7.884079500000000,0.0782430000000000,0.3386420000000000,8.5006850000000007,ClAlessi24,260.80882822848,-62.61005461208
36,Alessi_3,160,109.29115618718,-46.19442429339,-9.8519078893815255,11.8471233985436122,3.5619081478683601,8.857588000000000,-0.0556440000000000,0.1405430000000000,7.3688390000000004,ClAlessi3,109.29121944267,-46.19447694725
37,Alessi_31,181,267.71870782499,-11.84987164568,-1.1387729716340655,-4.1775580205969733,1.4419028611682396,7.896816000000000,0.3587535000000000,1.7493179999999999,9.2602589999999996,ClAlessi31,267.71871299641,-11.84985307875
38,Alessi_37,393,-18.10667737929,+46.38975583672,0.3334322532619223,-1.7052519968081887,1.3543868825589471,8.259432000000000,0.0614280000000000,0.4668090000000000,9.2117000000000004,ClAlessi37,341.89332047222,+46.38976341561
39,Alessi_43,292,132.63072622837,-41.74013318736,-5.5475386115980623,3.9119551412851821,1.0211442616931281,6.981493500000000,-0.0498920000000000,0.9844270000000001,9.7175130000000003,ClAlessi43,132.63075927134,-41.74015057382
40,Alessi_44,362,294.95758816965,+1.34920263522,0.4859666588506844,-2.4376429147847176,1.4654805201248269,8.338915999999999,0.0300630000000000,0.7093400000000000,9.1590260000000008,ClAlessi44,294.95758600920,+1.34921346919
41,Alessi_5,340,160.90392356428,-61.08558004813,-15.3760025757609693,2.5420533611249558,2.4837385146118338,7.689649000000000,0.0632410000000000,0.6172415000000000,8.1406340000000004,ClAlessi5,160.90406490333,-61.08559134608
42,Alessi_6,237,220.12416479256,-66.12600588183,-10.5243816909336196,-5.5161261312476721,1.0890853662569386,8.713834500000001,0.1473555000000000,0.6982830000000000,9.7406109999999995,ClAlessi6,220.12428036438,-66.12598136567
43,Alessi_62,217,284.02659771922,+21.59166921562,0.2718413018455093,-1.1472062745234473,1.5874708890669771,8.848455999999999,0.1035500000000000,0.7782310000000000,9.0703720000000008,ClAlessi62,284.02659641986,+21.59167431432
44,Alessi_8,129,232.41976311932,-51.17997703077,-5.8664559188286720,-5.6332480302522585,1.4344440709051092,8.120835000000000,0.0703390000000000,0.1907090000000000,9.1195730000000008,ClAlessi8,232.41980471147,-51.17995199410
45,Alessi_9,267,265.62811121496,-47.18077015562,9.7530198979823979,-9.0658708884916681,4.6979956106392997,8.480562000000001,-0.0012640000000000,0.0015920000000000,6.6590470000000002,ClAlessi9,265.62804744047,-47.18072986284
46,Alessi_Teutsch_11,177,304.14606405600,+52.07344182042,-0.1333089060268020,-1.2635987953895091,1.5039441564461296,7.993243500000000,0.0705020000000000,0.3675870000000000,9.0114560000000008,NameAlessiTeutsch11,304.14606501993,+52.07344743641
47,Alessi_Teutsch_12,69,255.40944405613,-59.04763100752,-2.2700646433877232,-8.9596804413600672,1.6240639146024429,7.857242500000000,-0.0558940000000000,0.3500890000000000,9.0298370000000006,ClAlessi-Teutsch12,255.40946367244,-59.04759118671
48,Alessi_Teutsch_3,153,118.16720756081,-52.97176583676,-5.3093040112027969,8.9060112089651646,1.3816454371219962,8.028331000000000,0.0107980000000000,0.4695070000000000,9.2001639999999991,NAMEAlessiTeutsch3,118.16724674479,-52.97180541902
49,Alessi_Teutsch_5,341,333.45183558517,+61.23936311760,-1.3907196427056188,-3.1141268393036903,1.0908785805790857,7.148915000000000,-0.0498890000000000,1.0181130000000000,9.6644360000000002,ClAlessi-Teutsch5,333.45184843139,+61.23937695816
50,Aveni_Hunter_1,147,-5.47975968228,+47.43211942485,0.0898301261735228,-2.5898874164339700,2.3196651215896842,7.196475000000000,-0.1430270000000000,0.7470920000000000,8.0204544999999996,NAMEAVENI-HUNTER1,354.52023972752,+47.43213093546
51,BDSB91,233,97.70124985405,-9.55021842780,-3.2018397098414813,0.6521674722922720,0.9810794653718208,7.644196500000000,0.0067825000000000,1.7994275000000002,9.9101379999999999,[BDS2003]91,97.70126428445,-9.55022132632
52,BH_164,395,222.08165707806,-66.49676000030,-7.4767321632682293,-10.6654797175842244,2.3604584224976022,7.464100999999999,0.1347864999999999,0.1705134999999999,8.2092550000000006,ClVDBH164,222.08174040248,-66.49671259815
53,BH_23,211,123.28932563193,-35.72862074809,-7.1863281283320308,7.3517597258295906,2.2723352638437171,7.360916000000000,-0.0537450000000000,0.0007150000000000,8.3197650000000003,ClVDBH23,123.28936497606,-35.72865342257
54,BH_56,319,134.44088704158,-43.14333244956,-5.7514346099935381,5.2154822646388208,1.0593532605893088,7.238653000000000,-0.0211255000000000,0.6991579999999999,9.6196330000000003,ClVDBH56,134.44092207496,-43.14335562947
55,BH_99,544,159.49428475922,-59.14905310009,-14.4597109612573327,0.9996044058835214,2.2073044011778533,7.658122500000000,0.0672020000000000,0.3375240000000000,8.3504850000000008,ClVDBH99,159.49441008017,-59.14905754271
56,Blanco_1,579,1.35600976799,-29.92198882193,18.7212049126116931,2.6054772555795624,4.1889538982919197,7.900269000000000,-0.0155035000000000,0.0105020000000000,6.8996370000000002,ClBlanco1,1.35591376608,-29.92200040180
57,COIN-Gaia_1,141,11.80337676206,+66.68685819555,-5.0064342430571092,-3.1136411891564482,1.5100904513599460,8.350311500000000,0.0349390000000000,1.1289970000000000,9.0901449999999997,[CKS2019]COIN-Gaia1,11.80343298565,+66.68687203394
58,COIN-Gaia_11,146,68.11327716355,+39.51469619227,3.4497890044826489,-5.7215317420442142,1.4676269866949534,8.900335000000000,0.0471675000000000,1.2494185000000000,9.1298399999999997,[CKS2019]COIN-Gaia11,68.11325728906,+39.51472162130
59,COIN-Gaia_12,105,79.17105158084,+41.77764441131,2.4981285550563483,-4.7051628283323836,0.9821029443577288,8.780961000000000,-0.0386395000000000,0.1602695000000000,9.8996180000000003,[CKS2019]COIN-Gaia12,79.17103669247,+41.77766532315
60,COIN-Gaia_13,352,83.45027391778,+41.99114072155,-3.8463049790423502,-1.6644077847699721,1.9211895512414296,8.634929000000000,-0.0778955000000000,0.3702465000000000,8.6787855000000000,[CKS2019]COIN-Gaia13,83.45029691775,+41.99114811891
61,COIN-Gaia_14,38,77.57095722299,+39.14682697589,1.2871887146191081,-6.6641391900735893,0.9815465320559316,8.562130000000000,-0.0758715000000000,0.6201010000000000,9.8598309999999998,[CKS2019]COIN-Gaia14,77.57094984631,+39.14685659429
62,COIN-Gaia_23,67,87.45335937133,+27.02157577503,-0.3293689506190401,-1.0072110912918195,1.0124908417705667,7.791413500000000,-0.0089045000000000,0.5401430000000000,9.8598800000000004,[CKS2019]COIN-Gaia23,87.45336101458,+27.02158025153
63,COIN-Gaia_25,152,91.67950043815,+20.23860091063,-0.5033861895983121,-2.6660678718049242,1.1830533024861918,8.892497000000001,0.0124230000000000,0.3802640000000000,9.5795010000000005,[CKS2019]COIN-Gaia25,91.67950282264,+20.23861275982
64,COIN-Gaia_30,116,21.11715462531,+70.56761696328,-6.1738037437928579,2.0229287259555191,1.3388762425652967,8.350548500000000,0.0082410000000000,1.2495430000000001,9.4197790000000001,[CKS2019]COIN-Gaia30,21.11723710080,+70.56760797247
65,COIN-Gaia_34,102,31.03831550576,+61.84546751162,-2.2246964654695121,0.7162372757257282,1.0248355487946319,8.346102500000001,-0.0819515000000000,1.1910965000000000,10.0003925000000002,[CKS2019]COIN-Gaia34,31.03833646054,+61.84546432834
66,COIN-Gaia_5,34,27.40847477383,+58.06311545159,-2.8095390594395315,-0.5724384821733780,1.0617226522556840,8.059483000000000,-0.1669880000000000,0.4500140000000000,9.7998759999999994,[CKS2019]COIN-Gaia5,27.40849837913,+58.06311799576
67,COIN-Gaia_8,117,39.16107167690,+50.03462984087,2.3736485416498061,-2.5129238929320210,1.3321804467158724,8.125425999999999,-0.0177080000000000,0.3702720000000000,9.2896164999999993,[CKS2019]COIN-Gaia8,39.16105525288,+50.03464100942
68,COIN-Gaia_9,173,48.19571855353,+47.80451806610,-2.0746705325313362,-3.0468655666329871,1.0942646479799003,8.336465000000000,0.0540610000000000,0.5709565000000001,9.6789749999999994,[CKS2019]COIN-Gaia9,48.19573228181,+47.80453160772
69,Collinder_132,205,108.75229137456,-31.12580938941,-4.1455359241046423,3.7106904792551658,1.4846545634150825,7.394740000000000,0.0371000000000000,0.0007340000000000,8.9797574999999998,Collinder132,108.75231289777,-31.12582588137
70,Collinder_135,221,109.43306576343,-36.94794547378,-10.1156196508683323,6.2424741533972403,3.3185540880547681,7.604228000000000,0.1114230000000000,0.0104100000000000,7.3299465000000001,Collinder135,109.43312201886,-36.94797321809
71,Collinder_140,216,110.90683797997,-31.98393650434,-8.0547848715999795,4.7668797563967047,2.5740061944266195,7.447319000000000,0.0112325000000000,0.0008075000000000,7.9497684999999993,Collinder140,110.90688018605,-31.98395769047
72,Collinder_197,180,131.19134315435,-41.28394591349,-5.7603868672885330,4.0535622889192879,1.0119297330394676,6.984416000000000,0.0655080000000000,1.4198160000000000,9.8995619999999995,Collinder197,131.19137722416,-41.28396392932
73,Collinder_338,179,264.66993671239,-37.44240951976,2.5083650120023999,-1.8641553929591428,1.4628191816110914,8.129232999999999,0.0690410000000000,0.4498790000000000,9.0399519999999995,Collinder338,264.66992267111,-37.44240123462
74,Collinder_350,199,267.01089481890,+1.45428066220,-4.9725457945991165,-0.0829631705965544,2.6800975348625400,8.940030000000000,-0.0113110000000000,0.5212350000000000,7.8483380000000000,Collinder350,267.01091692622,+1.45428103093
75,Collinder_359,276,270.40361841393,+3.32718488902,0.6122613883064186,-8.8150622812333701,1.7817096877066243,7.445535000000000,0.1856495000000000,0.5087580000000000,8.6899775000000012,Collinder359,270.40361568818,+3.32722406707
76,Collinder_394,197,283.17864143945,-20.16489340160,-1.4827776300344966,-5.9396970528317441,1.3366128560303692,8.268227000000000,0.1514800000000000,0.5388415000000000,9.2304650000000006,Collinder394,283.17864845989,-20.16486700294
77,Collinder_463,644,27.06293147411,+71.74180919595,-1.7392061383337132,-0.3734400942483773,1.1227443109600102,8.511306500000000,0.1942930000000000,0.7866500000000000,9.6506024999999998,Collinder463,27.06295614636,+71.74181085568
78,Collinder_69,729,83.80076298425,+9.81320174033,1.1861553746949065,-2.1065262336221680,2.4558977731865128,6.979098000000000,-0.0054440000000000,0.2507115000000000,8.0943860000000001,Collinder69,83.80075763416,+9.81321110267
79,Collinder_95,242,97.81999099999,+9.98919619445,-2.2162965721653256,-4.9949412763102083,1.4532826634960143,7.202490000000000,-0.0420340000000000,1.5183329999999999,9.0420569999999998,Collinder95,97.82000100182,+9.98921839419
80,ESO_130_06,108,181.96247589303,-59.31182202970,-11.2925687764088565,-0.8010601261128312,1.1938873837393149,8.316706999999999,0.0572050000000000,0.2702010000000000,9.5397350000000003,ESO130-06,181.96257423273,-59.31181846939
81,FSR_0398,187,339.27795062517,+64.15299603710,-3.1706603427780760,-1.2179119403690606,1.0430418750696728,7.703880500000000,0.2878650000000000,2.0093899999999998,9.8100919999999991,[FSR2007]0398,339.27798294813,+64.15300145004
82,FSR_0551,184,24.88504029675,+64.87452691919,0.0225904942221796,-1.5469998449689355,1.0320037215870064,7.088163500000000,-0.0379185000000000,1.0595755000000000,9.9498390000000008,[FSR2007]0551,24.88504006029,+64.87453379475
83,FSR_1117,56,94.11714229120,-8.93117777614,-3.7245368186461620,0.9607662677403600,1.1172364806193629,7.173298500000000,0.0099120000000000,1.5197480000000001,9.8000664999999998,[FSR2007]1117,94.11715904787,-8.93118204621
84,Ferrero_1,185,275.06393607225,-32.38409144808,0.1637515580999415,-4.8063907748523711,1.0982869267714626,8.429059000000001,0.0870550000000000,0.3999490000000000,9.7099049999999991,ClFerrero1,275.06393521044,-32.38407008634
85,Ferrero_11,115,93.63472713377,+0.69847744351,-2.9901886671335176,-4.3533546882363670,1.2087774261764863,8.662995000000000,-0.0998110000000000,0.5700250000000000,9.5697209999999995,ClFerrero11,93.63474042449,+0.69849679176
86,Gulliver_10,143,124.14789574287,-38.71789731150,-4.9468885934806277,5.2099976377184829,1.6117333006707359,7.030215500000001,0.1340644999999999,0.6195230000000000,8.9399200000000008,ClGulliver10,124.14792392178,-38.71792046704
87,Gulliver_11,63,68.00313129191,+43.61863159077,0.3038531976795708,-2.3031598871844881,1.0314581857559393,8.522991500000000,-0.0885930000000000,0.7615200000000000,9.7553219999999996,ClGulliver11,68.00312942650,+43.61864182703
88,Gulliver_20,102,273.75432593683,+10.84437957014,1.0403880659108489,-6.5071131642436946,2.3111209532166912,8.012277500000000,-0.0607110000000000,0.2500510000000000,8.1697019999999991,ClGulliver20,273.75432122880,+10.84440849065
89,Gulliver_21,141,106.89009196550,-25.43936306376,-1.8961270039741771,4.2023442780602158,1.5050495846506620,8.446904499999999,0.0676385000000000,0.1306580000000000,9.1292139999999993,ClGulliver21,106.89010129756,-25.43938174084
90,Gulliver_28,47,293.48342848788,+17.99348372005,-4.4454482801805559,-3.4780950909664283,1.5395863245754469,9.062374000000000,0.1520285000000000,0.9699710000000000,9.0098160000000007,ClGulliver28,293.48344926143,+17.99349917825
91,Gulliver_48,176,316.51262955973,+50.69043173164,-4.7690933309863723,-6.6561684720097443,1.0383219155652352,7.611633500000000,0.0098790000000000,2.8698275000000000,10.0900874999999992,ClGulliver48,316.51266301773,+50.69046131461
92,Gulliver_6,385,83.40070201177,-1.69916478476,-0.1073374331298327,-0.1331438609172297,2.3611790611590262,7.015287500000000,-0.0949380000000000,0.2487515000000000,7.9103475000000003,ClGulliver6,83.40070248903,-1.69916419301
93,Gulliver_9,408,127.03315484655,-47.88004928076,-5.9818384047683431,6.9117002231342006,1.9625810103190720,7.296714000000000,-0.0380010000000000,0.4187260000000000,8.7395829999999997,ClGulliver9,127.03319448657,-47.88007999942
94,Haffner_13,441,115.25980050438,-30.10060958327,-6.1855872584485176,5.8902334577497273,1.7522417712325826,7.521430499999999,0.0865760000000000,0.0010020000000000,8.7492680000000007,Haffner13,115.25983228110,-30.10063576208
95,Harvard_10,269,244.74520734172,-54.99918750232,-2.0259739189565078,-10.6357349977865034,1.4174632804833260,8.315348499999999,-0.0035490000000000,0.4499440000000000,9.2794150000000002,Harvard10,244.74522303995,-54.99914023238
96,IC_1396,577,324.80368911883,+57.53318816766,-2.2647291216615102,-4.5793660424427944,1.0401810317259144,6.980757499999999,-0.0224610000000000,1.5886020000000001,9.7891379999999995,IC1396,324.80370786932,+57.53320852039
97,IC_2391,255,130.30136440855,-53.02286535140,-24.7636487809056725,23.3708593963390072,6.5919595527650507,7.600750000000000,0.0007970000000000,0.0403040000000000,5.8599014999999994,IC2391,130.30154738712,-53.02296922174
98,IC_2395,500,130.47103214019,-48.01004088060,-4.5062098200748748,3.4154197134029189,1.3772365959727575,7.158875000000000,-0.0078400000000000,0.5073200000000000,9.2301669999999998,IC2395,130.47106207681,-48.01005606023
99,IC_2602,462,160.93941925556,-64.40172421092,-17.8622716162476820,10.5524254387908805,6.5753105922845698,7.519236000000000,-0.0152980000000000,0.0308870000000000,5.8698595000000005,IC2602,160.93960299917,-64.40177111047
100,IC_348,227,56.10657065066,+32.15890553447,4.4322058498843084,-6.3358594971200084,3.1286817854667661,7.043530000000000,0.3020540000000000,1.9075525000000000,7.6102644999999987,IC348,56.10654738197,+32.15893369384
101,IC_4651,1060,261.22593055364,-49.90191856369,-2.4231781019652261,-5.0632640626345244,1.0201391561064863,9.169487500000001,0.1170760000000000,0.4133310000000000,9.9619009999999992,IC4651,261.22594727419,-49.90189606029
102,IC_4665,227,266.59710936692,+5.59498125651,-0.8380150093323068,-8.5207307340655731,2.8548554105904902,7.538043500000001,-0.0045800000000000,0.4497280000000000,7.7496549999999997,IC4665,266.59711310926,+5.59501912642
103,IC_4725,562,277.94400316906,-19.11925562271,-1.6860708510520903,-6.1556395732274396,1.4747034234362231,8.664581500000001,0.1717010000000000,0.8422340000000000,9.2171719999999997,IC4725,277.94401110020,-19.11922826431
104,IC_4756,526,279.64916673793,+5.42963903127,1.2631477585544983,-4.9601995302241857,2.0735021518402723,9.130347000000000,0.0092440000000000,0.2934980000000000,8.5276300000000003,IC4756,279.64916109864,+5.42966107660
105,King_6,254,51.97497364924,+56.44558459413,3.8268648371224230,-1.8936548593310705,1.3463367082248181,8.330123000000000,0.1469750000000000,1.3386790000000000,9.3800735000000000,King6,51.97494287774,+56.44559301037
106,Loden_1194,97,212.09011122710,-59.74320485562,-7.7270059278945027,-4.6178377060693530,1.3058206066168152,8.436681999999999,0.0367720000000000,0.4595850000000000,9.1902249999999999,ClLoden1194,212.09017938315,-59.74318433188
107,Lynga_2,173,216.04596469965,-61.32965799928,-6.7479785863543951,-4.6552565967102773,1.0134068691418432,7.985243500000000,0.0454800000000000,0.7890250000000000,9.9304900000000007,Lynga2,216.04602721093,-61.32963730924
108,Mamajek_4,248,276.20252276961,-50.98621670317,4.4221495733295679,-21.2942166586797228,2.1827929024427450,8.733510500000000,0.0489490000000000,0.3090660000000000,8.3200459999999996,ClMamajek4,276.20249154844,-50.98612206220
109,Melotte_20,741,51.76158730770,+48.90404795480,22.8391461843500494,-25.4620766425446270,5.7016627263420432,7.811837000000001,0.1565754999999999,0.2955890000000000,6.1720439999999996,Melotte20,51.76143288179,+48.90416111948
110,Melotte_22,1130,56.60767669269,+24.10245461918,19.9199087955879008,-45.4020134580532115,7.3216075779418759,8.014877500000001,0.0286640000000000,0.1747385000000000,5.5537640000000001,Melotte22,56.60757970381,+24.10265640588
111,NGC_1039,638,40.52609995670,+42.72461646304,0.6531341801146686,-5.7880820500196855,1.9702867718792163,7.778846000000000,-0.0034015000000000,0.1633770000000000,8.6367779999999996,NGC1039,40.52609600526,+42.72464218785
112,NGC_1333,85,52.25595167093,+31.26307123632,7.3676906050795585,-9.2534547815878518,3.3148655642433664,7.046074500000000,0.1323440000000000,2.1190970000000000,7.3733170000000001,NGC1333,52.25591336307,+31.26311236278
113,NGC_1342,455,52.90909318270,+37.38966068295,0.4138535306591883,-1.6607561911147348,1.4847701235852833,9.046639500000000,-0.1134500000000000,0.7104009999999999,9.1789175000000007,NGC1342,52.90909086766,+37.38966806409
114,NGC_1545,161,65.20172493201,+50.20507629756,-2.0328793377961007,-0.1060300074524183,1.3675514666117363,8.140703999999999,0.0756910000000000,0.7703660000000000,9.3192620000000002,NGC1545,65.20173904831,+50.20507676881
115,NGC_1647,624,71.47893592439,+19.09171695823,-1.0815920309555356,-1.5448693674394622,1.6586978607454146,9.051361999999999,0.1194030000000000,0.6407520000000000,9.0166834999999992,NGC1647,71.47894101126,+19.09172382431
116,NGC_1662,299,72.19412113717,+10.89232521582,-1.1261513238264771,-1.9645669684636049,2.3909546600140987,9.053069000000001,-0.0977410000000000,0.4412470000000000,8.1584789999999998,NGC1662,72.19412623412,+10.89233394723
117,NGC_1708,155,75.87114948509,+52.86600699606,0.1857292307827571,-1.4376376337917689,1.0080923889632918,8.672891000000000,0.1434000000000000,1.0200899999999999,9.9295559999999998,NGC1708,75.87114811771,+52.86601338556
118,NGC_1750,385,75.91103790147,+23.67080792226,-1.0157172800794303,-2.4039135354397838,1.3476647468027569,8.652826500000000,0.0603405000000000,0.7895375000000000,9.3096789999999991,NGC1750,75.91104283046,+23.67081860632
119,NGC_1758,213,76.18586971907,+23.81896088473,3.1273948725878542,-3.5067550964739187,1.0841725389436070,8.724439000000000,0.0973130000000000,0.9283880000000000,9.7407269999999997,NGC1758,76.18585452543,+23.81897647031
120,NGC_1901,148,79.75765820901,-68.13780987543,1.6806967070874941,12.7078674796456514,2.3562114719792140,8.883101999999999,-0.0421740000000000,0.2094134999999999,8.1501915000000000,NGC1901,79.75763814920,-68.13786635484
121,NGC_1977,159,83.80688537156,-4.79187578944,1.2625221125820367,-0.4460048053449262,2.5066716331824042,7.975908000000000,-0.1834290000000000,1.6399480000000000,8.0346545000000003,NGC1977,83.80687974067,-4.79187380720
122,NGC_1980,315,83.80837026478,-6.02955624338,1.2296378663496548,0.5095468768718255,2.5665876046372977,6.980227000000000,-0.2379700000000000,0.6915550000000000,7.7447379999999999,NGC1980,83.80836476932,-6.02955850803
123,NGC_2168,1177,92.27102664513,+24.33632050755,2.2560309046023459,-2.8884127199084682,1.1117197550254383,8.773581000000000,-0.1152870000000000,0.4682000000000000,9.7818360000000002,NGC2168,92.27101564048,+24.33633334493
124,NGC_2183,110,92.97261113870,-6.33779719863,-3.7760528567093758,0.4293447655193819,1.1431700377718319,7.220204499999999,-0.0582375000000000,1.5989700000000000,9.5505250000000004,NGC2183,92.97262802436,-6.33779910682
125,NGC_2184,226,92.00765099183,-2.39019196569,-0.6099941761682802,-0.5131913408398788,1.6255846676456629,8.927292999999999,-0.0779820000000000,0.4778950000000000,8.8509434999999996,NGC2184,92.00765370528,-2.39018968483
126,NGC_2215,184,95.20535894597,-7.29228814346,0.4141434614920980,-3.6600183451284320,0.9882248898136404,8.924464000000000,0.0516140000000000,0.4705500000000000,9.9493320000000001,NGC2215,95.20535709033,-7.29227187671
127,NGC_2232,396,96.94935736318,-5.03903184967,-4.6730310386368128,-1.6693137377663032,3.0407096076410767,7.409296500000000,0.0161570000000000,0.0103670000000000,7.4898074999999986,NGC2232,96.94937821279,-5.03902443050
128,NGC_225,193,10.68778950672,+61.83291021180,-5.3198655434309616,-0.2056370308257649,1.4126466121782351,8.331540499999999,0.2019180000000000,0.5396200000000000,9.1600339999999996,NGC225,10.68783959489,+61.83291112574
129,NGC_2264,484,100.22628019496,+9.72413962125,-1.7947649839467530,-3.6672746321192879,1.3456175923374918,7.095754000000000,-0.1790280000000000,0.7853270000000000,9.0255670000000006,NGC2264,100.22628828797,+9.72415592025
130,NGC_2281,446,102.09295057566,+41.04996775655,-2.9729430710701403,-8.2763075559590416,1.8888518970285300,8.875545000000001,-0.0355650000000000,0.0915125000000000,8.6783074999999990,NGC2281,102.09296809646,+41.05000454014
131,NGC_2287,602,101.49907969319,-20.71908449797,-4.3651494087832106,-1.3642133473949649,1.3260706368032611,8.605309000000000,-0.0992470000000000,0.0208890000000000,9.1889205000000000,NGC2287,101.49910043533,-20.71907843480
132,NGC_2301,641,102.94237751969,+0.47694968156,-1.3565105591731978,-2.1875044786749225,1.1109797228242930,8.433859000000000,0.0585620000000000,0.0820630000000000,9.6681139999999992,NGC2301,102.94238354883,+0.47695940380
133,NGC_2358,164,109.28474401377,-17.13495722437,-1.3869896675578111,0.5700839613161184,1.0272572816511301,8.949953000000001,-0.0118995000000000,0.0215500000000000,9.7888754999999996,NGC2358,109.28475046450,-17.13495975808
134,NGC_2422,593,114.15294968822,-14.48201122486,-7.0464302997374659,1.0259892963964661,2.0682978281550621,7.924686000000000,0.1338330000000000,0.1818975000000000,8.5178325000000008,NGC2422,114.15298203342,-14.48201578481
135,NGC_2423,408,114.29666664251,-13.86658624245,-0.7527419224676262,-3.5807520066344152,1.0200502212124465,8.948814000000000,0.1203830000000000,0.3563015000000000,9.8711900000000004,NGC2423,114.29667008846,-13.86657032800
136,NGC_2451A,412,115.78119311854,-38.15097282497,-20.8906009758341398,15.2112864367737295,5.1448688945128662,7.636110000000000,0.0502320000000000,0.0008570000000000,6.4600000000000000,NGC2451A,115.78131118680,-38.15104043063
137,NGC_2451B,753,115.94104730400,-37.76538778106,-9.4223122953907286,4.7084619704223805,2.6539301198322041,7.582639000000000,0.0502585000000000,0.1789180000000000,7.7905095000000006,NGC2451B,115.94110027759,-37.76540870754
138,NGC_2516,2520,119.50711059816,-60.77089952052,-4.6399795248026710,11.2039892665508098,2.4024641797586312,8.829205999999999,0.0046620000000000,0.1211150000000000,8.1266289999999994,NGC2516,119.50715283048,-60.77094931603
139,NGC_2527,380,121.22656120903,-28.10354506786,-5.5510215223452430,7.3159267017209295,1.5300420476200594,8.805814500000000,-0.0195600000000000,0.3576650000000000,9.1103760000000005,NGC2527,121.22658917783,-28.10357758309
140,NGC_2546,465,123.13774263025,-37.67278063612,-3.7158886508108231,3.9390768301979362,1.0350919803544061,8.066219499999999,0.1102360000000000,0.4266690000000000,9.8516040000000000,NGC2546,123.13776349541,-37.67279814313
141,NGC_2547,465,122.50339918491,-49.16027092835,-8.5612314720199372,4.3416224780157098,2.5548158642037206,7.441042500000000,-0.0130320000000000,0.1404380000000000,7.9892240000000001,NGC2547,122.50345737010,-49.16029022443
142,NGC_2548,569,123.40182228102,-5.69777451489,-1.2926475418325225,1.0396490218590808,1.2613871176911076,8.690361500000002,0.0323325000000000,0.1494280000000000,9.4393919999999998,NGC2548,123.40182805465,-5.69777913555
143,NGC_2632,862,129.97376504130,+19.62135088488,-35.9136616332020751,-12.8840352141170609,5.3679221138896303,8.976035000000000,0.1977565000000000,0.0007250000000000,6.3088699999999998,NGC2632,129.97393449755,+19.62140814718
144,NGC_2682,1076,132.84450985777,+11.82193034636,-10.9705016608477965,-2.9221718003938029,1.1116168579914776,9.555142999999999,0.0728650000000000,0.0710780000000000,9.7474860000000003,NGC2682,132.84455967217,+11.82194333379
145,NGC_2925,227,143.25857005809,-53.38448166941,-8.5259311577129893,5.4005436358068390,1.2876260983322461,8.232603500000000,0.0417310000000000,0.1993860000000000,9.3401615000000007,NGC2925,143.25863358988,-53.38450567181
146,NGC_3228,141,155.33150039997,-51.81372964315,-14.8672583287102444,-0.6049726429968552,2.0490824895060538,7.459647500000000,0.1431220000000000,0.0801140000000000,8.4898629999999997,NGC3228,155.33160728214,-51.81372695433
147,NGC_3532,2206,166.38708804011,-58.69720325075,-10.4082179845946925,5.2484799398330804,2.0599475647093750,8.813969999999999,0.0584290000000000,0.0095640000000000,8.4788914999999996,NGC3532,166.38717707449,-58.69722657730
148,NGC_5460,214,211.87851545155,-48.29687448838,-6.6431076323500040,-3.3930539227364811,1.3298180701784432,8.414487999999999,-0.0008760000000000,0.2999220000000000,9.2997870000000002,NGC5460,211.87855983183,-48.29685940813
149,NGC_5662,336,218.72450458670,-56.65869168361,-6.4780803381873007,-7.2005160818397842,1.2593067312779751,8.343973999999999,-0.0028420000000000,0.6028095000000000,9.4080030000000008,NGC5662,218.72455697047,-56.65865968131
150,NGC_5822,724,226.05199467480,-54.36608301210,-7.4734427711549287,-5.4878919420128849,1.1632086650734534,9.008424000000000,-0.0154690000000000,0.3887400000000000,9.6587259999999997,NGC5822,226.05205168655,-54.36605862146
151,NGC_6025,451,240.77626330415,-60.44526622041,-2.9547449874335281,-3.0336501542320446,1.2509781974170344,8.227414000000000,0.1455690000000000,0.4273910000000000,9.3814185000000005,NGC6025,240.77628992770,-60.44525273752
152,NGC_6087,383,244.74605751437,-57.94074727429,-1.5999994408670395,-2.4201720383784182,0.9948712921913132,8.319399000000001,0.1130180000000000,0.3912945000000000,9.8988409999999991,NGC6087,244.74607091143,-57.94073651797
153,NGC_6124,1271,246.32455875408,-40.65110273569,-0.2154184245045813,-2.1124953234923005,1.5562919099551036,8.325836500000001,0.1523304999999999,1.9250419999999999,9.0814719999999998,NGC6124,246.32456001601,-40.65109334682
154,NGC_6178,164,249.03351765105,-45.41270759576,0.4328791138327365,-3.3056749096432165,1.0716245301098368,7.235848000000000,0.0683250000000000,0.5202300000000000,9.7996210000000001,NGC6178,249.03351491043,-45.41269290387
155,NGC_6281,562,256.18192625891,-37.94602704034,-1.8878702575901860,-4.0440901245047431,1.8451273358564155,8.811612999999999,0.0443485000000000,0.3022800000000000,8.6571990000000003,NGC6281,256.18193689883,-37.94600906660
156,NGC_6405,671,265.09518921998,-32.23007325485,-1.3621976252460859,-5.8663199148680878,2.1402573510048999,7.748480000000000,0.1405860000000000,0.4866800000000000,8.3112290000000009,NGC6405,265.09519637699,-32.23004718231
157,NGC_6475,1091,268.47711219757,-34.81031768911,3.0752930460903647,-5.3892225717200120,3.5392656907300624,8.432999000000001,0.0200790000000000,0.2987295000000000,7.2787499999999996,NGC6475,268.47709555057,-34.81029373701
158,NGC_6494,891,269.23030810722,-18.98721108325,0.3081637012656604,-1.8426327795238469,1.3294168127284951,8.700511000000001,0.0964880000000000,0.9089060000000000,9.3484390000000008,NGC6494,269.23030665879,-18.98720289377
159,NGC_6633,333,276.84064791017,+6.64140916483,1.2270606394705783,-1.8235522250365701,2.5064800173373758,9.057658000000000,-0.0922520000000000,0.3008660000000000,8.1377129999999998,NGC6633,276.84064241973,+6.64141726950
160,NGC_6716,221,283.18518126621,-20.15063958449,-1.4827776300344966,-5.9430071041357779,1.3342705296664823,8.423158000000001,0.0975340000000000,0.4305020000000000,9.2294060000000009,NGC6716,283.18518828601,-20.15061317113
161,NGC_6793,276,290.80766814812,+22.14122508469,3.7882371552776890,3.5290483751561670,1.6470037858666395,8.620523500000001,0.2343325000000000,0.7391259999999999,8.9894660000000002,NGC6793,290.80764997110,+22.14120940003
162,NGC_6991,265,313.60791564818,+47.39491800333,5.6142680709979160,8.4149941660292207,1.7411783100439857,9.250310000000001,-0.0754240000000000,0.2017750000000000,8.8084380000000007,NGC6991,313.60787878784,+47.39488060335
163,NGC_6997,400,314.16144912941,+44.62352288939,-4.2940167403436451,-6.9236665011424394,1.1008903494980169,8.712854499999999,0.1713730000000000,1.4277100000000000,9.7706029999999995,NGC6997,314.16147594340,+44.62355366124
164,NGC_7039,207,317.69648173858,+45.57684802486,-0.2387832715069535,-2.6003895777582282,1.2872878420043059,7.253381000000000,0.0910130000000000,0.2796370000000000,9.3897560000000002,NGC7039,317.69648325477,+45.57685958215
165,NGC_7058,313,320.52269887244,+50.81803914095,7.4391690273476367,2.7366645356688588,2.7101993314245103,7.896499500000000,0.1152500000000000,0.1785635000000000,7.7310780000000001,NGC7058,320.52264653984,+50.81802697799
166,NGC_7063,154,321.12310958280,+36.51060067610,1.5134955840514701,-2.5239973953730743,1.4638220523132568,7.932056000000000,-0.0088860000000000,0.2299040000000000,9.0998230000000007,NGC7063,321.12310121369,+36.51061189387
167,NGC_7092,360,322.33756899675,+48.02427556825,-7.3158321855973769,-19.6216775661242053,3.3124125505561324,8.847678999999999,-0.0459120000000000,0.0009330000000000,7.4591529999999997,NGC7092,322.33761761233,+48.02436277570
168,NGC_7129,54,325.72339904939,+66.13499671055,-1.8176982618129920,-3.4502149768599195,1.0791369078418676,7.307912000000000,0.1283820000000000,1.7802080000000000,9.7071710000000007,NGC7129,325.72341901726,+66.13501204483
169,NGC_7160,115,328.41898037421,+62.54681693836,-3.4838170438737106,-1.3843973182237974,1.0614859980399205,7.194184000000000,0.1156970000000000,1.0689709999999999,9.7801760000000009,NGC7160,328.41901395954,+62.54682309124
170,NGC_7243,395,333.79498830230,+49.85766877135,0.4416183923051905,-2.8882460146739666,1.0988184072545171,8.372584500000000,0.0116090000000000,0.4998235000000000,9.7195505000000004,NGC7243,333.79498525780,+49.85768160800
171,NGC_752,268,29.22967421917,+37.78698530370,9.7649879113677116,-11.8446505164934273,2.2335511473542051,9.246577500000001,-0.0358030000000000,0.0710570000000000,8.4182089999999992,NGC752,29.22961930294,+37.78703794658
172,NGC_7762,471,-2.52816874781,+68.03790812474,1.4815459883536355,3.9867115047724928,1.0028964420994262,9.285615500000000,-0.0580505000000000,1.9031320000000000,9.8135860000000008,NGC7762,357.47181364586,+68.03789040602
173,Pismis_4,278,128.82894926813,-44.55903032474,-8.2144625031778880,5.4081580271335437,1.4191729910092490,8.242335000000001,-0.0882230000000000,0.1806324999999999,9.2089750000000006,Pismis4,128.82900050646,-44.55905436099
174,Pismis_5,166,129.39693240837,-39.96919519877,-5.5610254442570843,3.9805226856504499,1.0293986664634478,6.987220000000000,-0.0335140000000000,1.4777270000000000,9.8505570000000002,Pismis5,129.39696465785,-39.96921288997
175,Pismis_Moreno_1,66,334.64468967161,+63.20528449692,-2.3996941184018881,-2.2992198927453642,1.0502798432445659,7.049320000000000,-0.0120370000000000,2.0598410000000000,9.9599980000000006,NAMEClPismis-Moreno1,334.64471333050,+63.20529471568
176,Platais_10,114,205.83293025267,-59.23388145884,-30.0375583943489914,-10.5988326332200238,4.1037503993496447,7.906366000000000,-0.0527370000000000,0.2201220000000000,6.9097390000000001,Platais10,205.83319123211,-59.23383435266
177,Platais_3,123,70.12967478530,+71.01862412034,3.4922000328506488,-20.7079071197048066,5.5810143477192398,7.935178499999999,-0.0071190000000000,0.0007120000000000,6.2499700000000002,Platais3,70.12962706679,+71.01871615547
178,Platais_8,270,137.46673584275,-56.95401168805,-16.2134192616905075,13.7687514860453817,7.3522509177297417,7.456426500000000,-0.0495360000000000,0.1391325000000000,5.6399949999999999,Platais8,137.46686798684,-56.95407288243
179,Platais_9,185,139.38336288320,-43.60984006065,-24.5847878998826275,13.3402763476873805,5.4233090874124841,7.674958000000000,-0.0246220000000000,0.0008620000000000,6.2000954999999998,Platais9,139.38351379172,-43.60989935067
180,Pozzo_1,626,122.31453190832,-47.37851107359,-6.2975002118996848,9.3586621261153695,2.7963024787025041,7.065282000000000,-0.0689840000000000,0.0699430000000000,7.5999140000000001,Pozzo1,122.31457324160,-47.37855266764
181,RSG_1,181,75.48308693871,+37.52453357767,0.7500076846777985,-12.4111694154738128,2.9971854890404162,8.086892000000001,0.0631570000000000,0.5296310000000000,7.7097530000000001,RSG1,75.48308273571,+37.52458873843
182,RSG_5,342,304.00039831780,+46.00255359222,3.5464478291062465,1.6717801862701744,2.9072549918652291,7.512857000000000,0.0125320000000000,0.0102280000000000,7.5797850000000002,RSG5,304.00037562648,+46.00254616208
183,RSG_7,379,-14.85202287752,+59.36134666201,5.4675955986955476,-1.6672554001748272,2.1053834155164690,7.577161000000000,0.1008870000000000,0.5673570000000000,8.1011349999999993,RSG7,345.14792943924,+59.36135407202
184,RSG_8,363,-14.76903618439,+59.22094919833,5.5371459547343669,-1.6016547246672650,2.0771707456854802,7.475959000000000,-0.0233860000000000,0.5283440000000000,8.1704129999999999,RSG8,345.23091572462,+59.22095631679
185,Roslund_5,297,302.74625615960,+33.79164918026,2.0799834043221899,-1.2002787174503260,1.8175608051270389,7.910215000000000,0.1060260000000000,0.3481470000000000,8.6909320000000001,Roslund5,302.74624503608,+33.79165451483
186,Roslund_6,429,307.18404236481,+39.85331848137,5.8968279841069267,2.0413832378387378,2.7976739272317470,7.829357000000000,0.0797010000000000,0.0022500000000000,7.8783899999999996,Roslund6,307.18400822576,+39.85330940855
187,Ruprecht_145,250,282.64903433334,-18.24402868336,8.3370916064261351,-4.0957957300015222,1.6145014027214837,8.984905500000000,0.0378430000000000,0.5500650000000000,8.9989749999999997,Ruprecht145,282.64899531839,-18.24401047982
188,Ruprecht_147,159,289.05720583171,-16.33702011826,-0.9218345788273720,-26.7071163483867693,3.2370868478980648,9.531875500000000,0.0907860000000000,0.0621415000000000,7.5488179999999998,Ruprecht147,289.05721010114,-16.33690141997
189,Ruprecht_161,73,152.34830923396,-61.25719352020,-10.3736409645087697,3.7900318422360479,1.0744783493022552,8.118693000000000,0.0685950000000000,0.3293630000000000,9.7803730000000009,Ruprecht161,152.34840511073,-61.25721036475
190,Ruprecht_98,134,179.56443363523,-64.45118640250,-4.2508855996757404,-8.5203589285103902,2.0535509538571413,8.921984999999999,-0.0484670000000000,0.3602370000000000,8.5194369999999999,Ruprecht98,179.56447744158,-64.45114853423
191,Stephenson_1,507,283.54880996137,+36.82591368028,1.1063599324763618,-2.9477494899534031,2.7497551985075819,7.600999000000000,0.0551834999999999,0.2182250000000000,7.6807379999999998,Stephenson1,283.54880381846,+36.82592678139
192,Stock_1,181,294.11216482263,+25.09013053390,6.0583489606830740,0.2023847302296962,2.4297712954648150,8.582977500000000,0.2853090000000000,0.3883550000000000,8.1007680000000004,Stock1,294.11213509123,+25.09012963441
193,Stock_10,212,84.84133360158,+37.79285479654,-3.1532935135195426,-0.4242792931899644,2.7586406992951922,7.924514000000000,-0.0043080000000000,0.4392700000000000,7.8601270000000003,Stock10,84.84135133643,+37.79285668223
194,Stock_12,251,-5.94138000147,+52.68955003713,8.5128058568552998,-2.0057752944281639,2.2697927024818814,7.888390000000000,0.0029640000000000,0.2909000000000000,8.2889990000000004,Stock12,354.05855757878,+52.68955895167
195,Stock_2,1718,33.86531344089,+59.52298751379,15.8236455844211203,-13.7536230943328714,2.6451076616603042,9.038891000000000,0.0319860000000000,0.4986610000000000,8.0046394999999997,Stock2,33.86517478067,+59.52304864093
196,Stock_23,86,49.07614655851,+60.34699355231,-4.3597570673765897,-1.0078244253859912,1.6013109229280071,8.330826000000000,0.0542325000000000,0.6099909999999999,8.9797619999999991,Stock23,49.07618572345,+60.34699803153
197,Stock_5,176,31.13185428975,+64.35187074633,-0.8215247422212071,-2.1793567114354429,1.0068007680672246,8.328793000000001,0.1263350000000000,1.2093630000000000,9.9495269999999998,Stock5,31.13186272519,+64.35188043236
198,Stock_7,186,37.40404088372,+60.62188013483,-3.5380061263122138,0.4477809004755304,1.4357925429712726,7.856792000000000,0.3266040000000000,1.4585530000000000,9.2505839999999999,Stock7,37.40407293712,+60.62187814468
199,Teutsch_35,206,294.08680045048,+35.74456151577,-0.6387092044828289,-2.4609169357420599,1.9762102991788093,7.914091000000000,0.0790665000000000,0.0016420000000000,8.5387039999999992,Teutsch35,294.08680394802,+35.74457245318
200,Teutsch_38,129,131.54875794607,-38.00274698419,-8.5404395514512483,3.7170367079263609,1.4941226459577590,7.412576000000000,0.1151060000000000,0.0103960000000000,9.1396370000000005,Teutsch38,131.54880611666,-38.00276350435
201,Trumpler_10,929,132.01307865152,-42.65039576074,-12.4680288786703404,6.5835125486248440,2.2813759387373560,7.603230500000000,0.0449875000000000,0.0023430000000000,8.1487800000000004,Trumpler10,132.01315399262,-42.65042502077
202,Trumpler_2,481,38.96663500427,+55.95834124486,1.4623626579570099,-5.2234024256454683,1.3965984022753251,8.248014000000000,0.1385960000000000,0.8559260000000000,9.2612769999999998,Trumpler2,38.96662339397,+55.95836445999
203,Trumpler_3,393,48.00435705774,+63.21975027728,-3.4107091794981539,-0.1544798834933761,1.4575890343362388,7.513902500000000,-0.2078550000000000,0.6916320000000000,9.2076940000000000,Trumpler3,48.00439070116,+63.21975096386
204,Turner_5,55,143.65053954192,-36.37204545827,0.1461681939328043,-3.0329420538718082,2.3722577764662205,8.704846500000000,-0.0745030000000000,0.0404490000000000,8.1895325000000003,Turner5,143.65053873510,-36.37203197852
205,UBC_1,167,288.03238390999,+56.88698145774,-2.4791753687920322,3.7166248554287731,3.0490037248083519,7.951247000000000,0.0092470000000000,0.3482630000000000,7.5708039999999999,UBC1,288.03240407969,+56.88696493940
206,UBC_10a,59,325.04140563462,+62.30455189618,-2.6628229705011361,-3.1471110536264746,1.0124981355417846,7.798510000000000,0.0097130000000000,0.8894110000000000,9.7100410000000004,UBC10a,325.04143109825,+62.30456588334
207,UBC_10b,61,327.18159994737,+61.19950390754,-3.4242023677717528,-1.8780231365590030,1.0031246201261692,7.459075000000000,0.0100130000000000,1.3596459999999999,10.0099660000000004,UBC10b,327.18163153705,+61.19951225430
208,UBC_11,86,246.53035057174,-59.93228575529,-0.4282392350959372,-6.8664841529385612,2.1548959460559192,7.857932000000000,0.0093030000000000,0.4388865000000000,8.2406715000000013,UBC11,246.53035437053,-59.93225523758
209,UBC_12,42,125.92218872842,-8.43407630657,-8.1698242187998140,4.0733225271634437,2.2069652224731966,8.812935500000000,0.0101490000000000,0.2300870000000000,8.3198600000000003,UBC12,125.92222543573,-8.43409441023
210,UBC_13,80,120.69637212613,+3.69274311995,-7.8005659483862866,-1.3897996417410254,1.5867388594106968,7.657066500000000,-0.0656140000000000,0.0008650000000000,8.9997089999999993,UBC13,120.69640686744,+3.69274929683
211,UBC_14,221,295.13895546083,+4.51944655430,0.3029018021630419,-2.0849421615106718,1.3043612988238025,7.650549000000000,0.0101200000000000,0.7192970000000000,9.3799109999999999,UBC14,295.13895411040,+4.51945582071
212,UBC_150,142,325.15747089277,+37.39477392051,-4.1153236605913666,-6.6438591970819623,1.1332069854867592,8.664000000000000,-0.0530240000000000,0.3708510000000000,9.6990200000000009,UBC150,325.15749391483,+37.39480344877
213,UBC_159,586,339.15898239799,+39.47465535595,-1.8812744366201271,-5.1180041501716262,1.9711630804619813,7.221294000000000,0.0097285000000000,0.8169680000000000,8.3701815000000011,UBC159,339.15899322991,+39.47467810264
214,UBC_167,140,324.84502692978,+62.35558178988,-2.0459206527625851,-3.0977602123766732,1.0528249808757253,7.157275500000000,0.0100470000000000,1.0793159999999999,9.8499464999999997,UBC167,324.84504652745,+62.35559555770
215,UBC_168,110,332.44504762682,+57.56863511149,1.7973694751849003,1.5475491478597063,1.0608606761416035,8.470493000000001,0.0100070000000000,1.1293584999999999,9.8400259999999999,UBC168,332.44503273129,+57.56862823349
216,UBC_178,252,-14.27285882383,+63.15733574692,-1.1490423015263529,-2.0496206477710506,1.1419288138418169,6.988827499999999,0.2441195000000000,1.5788780000000000,9.8578414999999993,UBC178,345.72715248599,+63.15734485635
217,UBC_17a,228,84.65316513232,-1.99778330215,1.7947496257794564,-1.1180235732928370,2.7047393755042282,7.049325000000000,-0.2239290000000000,0.7956600000000000,7.5780310000000002,UBC17a,84.65315715080,-1.99777833316
218,UBC_17b,226,83.20027570519,-1.72035894431,0.0454858670219815,-0.2091382595526943,2.3600092205661314,6.980307000000000,-0.0348700000000000,0.0528770000000000,7.9478749999999998,UBC17b,83.20027550294,-1.72035801481
219,UBC_187,94,37.69265579642,+72.46162535031,-1.5898012544462312,-1.7318315357013712,1.0503678982266549,7.002046000000000,0.0099840000000000,0.9994540000000000,9.6699985000000002,UBC187,37.69267924396,+72.46163304734
220,UBC_19,73,56.42699570746,+29.89141745055,2.7524977998536442,-5.2219203227320428,2.4624595190618761,6.980559500000000,0.0883460000000000,0.6998884999999999,8.0996210000000008,UBC19,56.42698159704,+29.89144065909
221,UBC_2,70,6.01531246621,+46.52409520755,-6.4068652724814488,-5.0342332837759853,1.7569419902300960,8.761583500000000,-0.0492460000000000,0.1802085000000000,8.7197739999999992,UBC2,6.01535385127,+46.52411758191
222,UBC_207,110,83.80808538720,-4.62840867373,1.1262576630574952,0.4775509476303504,2.5312256298538420,7.087357500000000,0.0011524999999999,0.8779155000000001,7.8242655000000001,UBC207,83.80808036523,-4.62841079618
223,UBC_21,259,130.34172508679,-22.27197016839,-6.0461315036043981,2.4180448693916672,0.9322134877905592,9.561859000000000,0.0091615000000000,0.0986540000000000,9.8208614999999995,UBC21,130.34175412486,-22.27198091526
224,UBC_250,93,118.76508476107,-60.24446686360,-3.5806969566577398,10.9460265544728799,1.0172143687926185,8.739907500000001,0.0102954999999999,0.3102310000000000,9.9196790000000004,UBC250,118.76511682680,-60.24451551261
225,UBC_255,108,128.61026839375,-61.46592837705,-4.8417310556453437,2.8743609172541604,1.0308968853002258,9.383991999999999,0.0106020000000000,0.0012255000000000,9.7494540000000001,UBC255,128.61031344222,-61.46594115198
226,UBC_26,259,285.31784282115,+21.83716660501,2.0279032357189148,-5.2756574477841660,1.6221049124875311,7.517938000000000,0.0103490000000000,0.7596514999999999,8.8295169999999992,UBC26,285.31783311152,+21.83719005238
227,UBC_260,103,139.89155416009,-69.79424258816,-7.6816664597098239,7.9234766521769631,1.7858036131661998,7.834257500000000,0.0109170000000000,0.0013035000000000,8.7891290000000009,UBC260,139.89165300647,-69.79427780358
228,UBC_31,241,60.73753404844,+32.48118365388,3.6889204297238622,-5.3492526729742487,2.7252975825877952,7.177349500000000,0.4246460000000000,0.1796260000000000,7.6698579999999996,UBC31,60.73751461288,+32.48120742833
229,UBC_32,227,279.29892025171,-14.14582015252,-1.7668330683429354,-9.3638227729345065,3.5122037411748570,8.327040999999999,0.0108760000000000,0.5502210000000000,7.2390239999999997,UBC32,279.29892834986,-14.14577853553
230,UBC_385,184,318.43355604485,+59.50628509564,-2.5528125889515101,-3.5584566532309614,1.1162655642041754,7.615898000000000,0.0100410000000000,1.1990740000000000,9.7098469999999999,UBC385,318.43357840366,+59.50630091100
231,UBC_392,205,336.48128643860,+65.01007455790,-0.8900081189853821,-2.9875351209738348,1.0388984138094299,7.499664000000000,0.0106730000000000,1.4700595000000001,9.9194254999999991,UBC392,336.48129580186,+65.01008783583
232,UBC_394,66,-16.21007486593,+59.25384154009,2.1948964647606521,0.0224145044762341,1.0685063926173397,8.325610500000000,0.0099445000000000,1.8498030000000001,9.9101040000000005,UBC394,343.78990605266,+59.25384144047
233,UBC_4,47,60.64952372602,+35.62103102629,-0.7885233385464203,-5.7560093297507144,1.6326149954533753,8.886729000000001,-0.1117550000000000,0.5402130000000001,8.9096805000000003,UBC4,60.64952803726,+35.62105660855
234,UBC_415,313,44.90137299979,+72.02581955113,0.0996452640255760,-1.5289643778939379,0.8788364587770590,7.901766000000000,-0.0780840000000000,1.0587679999999999,9.5901259999999997,UBC415,44.90137156465,+72.02582634653
235,UBC_480,316,119.74702278606,-50.47955884716,-5.0660303605272929,5.7389845574411051,2.0305197599761402,8.832276499999999,0.0115170000000000,0.0813150000000000,8.4086610000000004,UBC480,119.74705816844,-50.47958435375
236,UBC_5,141,238.62154019104,-47.67954415074,-6.6178632095414223,-4.1299798967367245,1.7285793198846608,8.334178000000000,0.0103760000000000,0.2604325000000000,8.7094564999999999,UBC5,238.62158387697,-47.67952579527
237,UBC_55,91,66.37320155545,+46.12752829651,-1.0678834964170916,-2.6154892217083940,1.0745048609398593,7.474914000000000,-0.1175370000000000,1.3797010000000001,9.7600084999999996,UBC55,66.37320840360,+46.12753992091
238,UBC_56,245,69.83215921570,+47.49755704360,1.5287749270067257,-4.1017800511663935,1.0840567163185353,8.604606000000000,-0.0526270000000000,1.5888800000000001,9.7501230000000003,UBC56,69.83214915895,+47.49757527374
239,UBC_7,218,106.81137014864,-37.59042288984,-9.7490420860819142,6.9539119294061136,3.5461372117841545,7.572570000000000,0.0104800000000000,0.0995190000000000,7.2098979999999999,UBC7,106.81142483006,-37.59045379610
240,UBC_8,212,84.48452940907,+57.15460965427,-3.2311243911923411,-3.9883769954531658,2.0459557663058874,8.778784999999999,-0.1147980000000000,0.7895730000000000,8.4895309999999995,UBC8,84.48455588630,+57.15462738039
241,UBC_88,133,58.15080195157,+45.97004298278,-1.4150466927838643,-3.0168133258886933,0.9929576264304476,7.798856499999999,-0.0197400000000000,1.0489729999999999,9.8902520000000003,UBC88,58.15081100018,+45.97005639084
242,UBC_9,262,276.01960357036,+26.39405173576,-0.0622189703509932,-5.4912162939032818,2.7800644888944022,7.515775500000000,0.0101380000000000,0.1499400000000000,7.7397749999999998,UBC9,276.01960387907,+26.39407614117
243,UPK_108,51,315.27767083450,+29.59792465648,0.9541909682408390,-4.8568121757441833,1.1451533597733357,7.785800000000000,-0.0078310000000000,0.2702260000000000,9.5697709999999994,UPK108,315.27766595722,+29.59794624232
244,UPK_113,75,317.47654923988,+34.40505166124,2.1672132341911090,-2.3566661387413226,1.3899836355128716,7.627196000000000,0.0301915000000000,0.1502560000000000,9.2797699999999992,UPK113,317.47653756556,+34.40506213531
245,UPK_119,103,308.74502644738,+43.39305993449,-0.4927565225656468,-1.9791600126664213,1.2078727293308569,9.254517000000000,0.0457370000000000,0.7096090000000000,9.4199339999999996,UPK119,308.74502946122,+43.39306873075
246,UPK_12,110,288.81604496260,-21.98571122037,0.6145651906165497,-6.7148571828241304,1.4629360071996178,8.495816000000000,0.0170240000000000,0.2199460000000000,8.9899640000000005,UPK12,288.81604201699,-21.98568137656
247,UPK_126,36,311.82161633319,+43.82536494293,-1.5023461326813243,-2.0978974633332967,1.1656431783224650,7.126438000000000,0.0102630000000000,1.6801850000000000,9.5033379999999994,UPK126,311.82162558825,+43.82537426692
248,UPK_13,317,282.04895900723,-18.22812582783,-0.9035113726791522,-4.0257350659279023,0.9544220322575426,8.411526500000001,0.2039670000000000,0.6679000000000000,9.8909319999999994,UPK13,282.04896323499,-18.22810793567
249,UPK_131,69,315.45972918868,+45.40431064560,2.7991104944012730,-1.1921314889936458,0.9877248516840162,8.854917499999999,0.0112220000000000,1.1099985000000001,9.9197520000000008,UPK131,315.45971146969,+45.40431594396
250,UPK_136,47,322.61072052574,+43.35643000917,-0.0304426077907293,-0.6172301495748131,1.4989259297550712,7.978796000000000,-0.0751510000000000,0.3097420000000000,8.9901409999999995,UPK136,322.61072071183,+43.35643275242
251,UPK_137,73,305.98129129506,+54.38113234997,-2.6125983680126219,-6.1192545749471812,1.1300528409863324,7.954037500000000,0.0056370000000000,0.3495350000000000,9.5403620000000000,UPK137,305.98131123280,+54.38115954666
252,UPK_143,152,319.26336768289,+50.03092431719,1.0458600417294894,-2.4925447751611727,1.0980165038186065,8.412421999999999,0.0100490000000000,1.9997130000000001,9.7996839999999992,UPK143,319.26336044681,+50.03093539517
253,UPK_155,154,311.32152909848,+60.64293581020,-2.5750400551405703,-3.9178347894251191,1.0780581730956995,8.350236000000001,0.0106060000000000,0.6903840000000000,9.6193720000000003,UPK155,311.32155244292,+60.64295322280
254,UPK_166,250,339.00275822470,+46.90009944840,-0.8995965428765257,-3.3003578331538064,1.4856331078738809,7.488052000000000,-0.0002250000000000,0.2703219999999999,9.0891199999999994,UPK166,339.00276407626,+46.90011411666
255,UPK_167,127,336.94750380078,+49.92019825179,1.5597498031305219,-0.1433672529011607,1.7766188353715924,8.280443500000001,-0.0649285000000000,0.3996720000000000,8.7399369999999994,UPK167,336.94749303402,+49.92019888897
256,UPK_168,338,-16.57031906529,+43.40411446382,-0.5680575624586091,-4.0305241562155247,1.6436742830422717,7.601799500000000,0.0571680000000000,0.5975630000000001,8.9005480000000006,UPK168,343.42968440975,+43.40413237726
257,UPK_169,51,326.69544663894,+59.76979002380,-1.9806271460730511,-2.5074137756136712,1.1418230271337209,7.054205000000000,-0.0240110000000000,1.4699580000000001,9.7799695000000000,UPK169,326.69546412299,+59.76980116786
258,UPK_17,123,279.67759801318,-15.01885278805,0.9116513564566240,-7.9090726431739471,1.4281304423604702,8.611331500000000,0.0727190000000000,1.3791709999999999,9.3103045000000009,UPK17,279.67759381809,-15.01881763661
259,UPK_178,47,334.47884172158,+60.07132170621,-4.2744262690760024,-3.4134716137980234,1.0146069923468759,8.352155000000000,0.0189910000000000,1.7998700000000001,9.9199809999999999,UPK178,334.47887979863,+60.07133687719
260,UPK_18,53,280.69784901806,-15.28262764652,2.9723998956217961,0.7918644412437472,1.2419415567400851,7.876292000000000,0.0319160000000000,1.0397650000000001,9.4701000000000004,UPK18,280.69783532310,-15.28263116592
261,UPK_180,77,341.66251024633,+57.89668088180,-0.3537332706915814,-0.5439636075896732,1.0659306624404536,8.354450000000000,-0.1078125000000000,0.5601225000000001,9.6297844999999995,UPK180,341.66251320457,+57.89668329942
262,UPK_185,147,-13.55878461184,+49.37951787455,2.6402566419162410,-1.9499199688653319,1.7713624352849850,7.988963999999999,0.1164885000000000,0.4488680000000000,8.7904160000000005,UPK185,346.44119736411,+49.37952654086
263,UPK_194,207,336.48128643860,+65.01007455790,-0.8838160546094727,-2.9697794730381366,1.0386300994333191,8.341146500000001,0.0969310000000000,1.6695169999999999,10.0100289999999994,UPK194,336.48129573672,+65.01008775692
264,UPK_20,84,281.15604248436,-14.49079331770,3.3286345638331509,1.0834194913587147,2.0705302936052767,9.069487000000001,0.1909100000000000,0.9596700000000000,8.4699175000000011,UPK20,281.15602720433,-14.49079813289
265,UPK_201,38,-15.28624093797,+61.63036380886,-3.9785969764951248,-3.3990360839454850,1.0625556616931795,7.199759000000000,0.0099765000000000,3.3900104999999998,9.8199625000000008,UPK201,344.71379627631,+61.63037891568
266,UPK_21,63,282.93246817127,-15.11649075567,7.8786431409322120,0.6664254246201970,1.6447013905271224,9.037273000000001,0.1409875000000000,0.8097839999999999,8.8096934999999998,UPK21,282.93243190000,-15.11649371755
267,UPK_219,34,-8.30526498548,+65.34618033682,-1.7712039587451884,-2.5457709231868706,1.1890586597320758,8.533899999999999,0.0080635000000000,1.1998390000000001,9.7099460000000004,UPK219,351.69475388617,+65.34619165135
268,UPK_220,286,-9.06284350076,+66.48321965006,-2.4070826476761309,-2.6258608608700325,1.0032586661327680,7.721617500000001,0.0288070000000000,2.1594120000000001,9.9801470000000005,UPK220,350.93718331046,+66.48323132055
269,UPK_23,46,282.18567489837,-12.85430360392,-0.9295060955153690,-2.1339640784723617,0.9457762257610288,8.261512000000000,0.2509440000000000,1.1098125000000001,9.9400560000000002,UPK23,282.18567913570,-12.85429411963
270,UPK_230,88,-6.57406769194,+71.55745581795,4.8984780110266763,-0.8781683175176935,1.8171296792267675,7.806694999999999,-0.0331815000000000,0.9294090000000000,8.7401780000000002,UPK230,353.42586348943,+71.55745972090
271,UPK_237,112,5.35892897820,+65.49299099733,-0.6132824667187861,-3.8134988349385530,1.3209343592220597,7.899824000000000,0.0099400000000000,1.7196330000000000,9.3999959999999998,UPK237,5.35893554925,+65.49300794621
272,UPK_24,32,282.81471057172,-10.84643858449,-3.7793213575856353,-9.8171905351145714,1.9210427073662864,8.326941000000000,-0.0070635000000000,0.9497755000000000,8.5099850000000004,UPK24,282.81472767423,-10.84639495253
273,UPK_25,85,268.41608174400,-2.71376922534,0.3259601866221691,0.1458109094291121,1.4899974535591571,8.552167499999999,0.0168185000000000,1.3786750000000001,8.8951335000000000,UPK25,268.41608029366,-2.71376987339
274,UPK_26,239,283.72198884455,-9.47447729983,0.0775998907430275,-4.3817673927015317,1.0360728625223776,8.312561000000001,0.0783180000000000,0.5902809999999999,9.6596650000000004,UPK26,283.72198849489,-9.47445782531
275,UPK_265,98,32.60526895022,+65.29474028482,-0.5977915531388358,-0.5446612409108149,1.1420742906265096,8.068808000000001,-0.1159870000000000,1.3594759999999999,9.7499880000000001,UPK265,32.60527530708,+65.29474270553
276,UPK_27,111,275.04938841388,-5.16699538431,2.3552836960205856,-2.2084304701790378,1.0488054262041857,9.041202500000001,0.0259710000000000,2.2698950000000000,9.8299509999999994,UPK27,275.04937790324,-5.16698556907
277,UPK_28,254,276.81614980859,-5.78877530459,0.6131975940848400,-2.3195203272727629,0.9125510455076216,8.197452500000001,0.3509440000000000,2.8798130000000000,9.8400839999999992,UPK28,276.81614706930,-5.78876499561
278,UPK_282,81,30.32132766074,+43.67218914140,-2.8518462227721453,-3.3589747922802511,1.2428937230692054,7.948344000000000,-0.1008550000000000,0.2700660000000000,9.4598160000000000,UPK282,30.32134518436,+43.67220407018
279,UPK_29,96,278.57172963367,-5.47988956867,0.4776935910885972,2.7933380990586651,1.4466508347842026,9.036972000000000,0.0038620000000000,1.8996379999999999,9.1700499999999998,UPK29,278.57172750084,-5.47990198351
280,UPK_294,51,60.78316242758,+66.07188892208,-1.3015346605287033,2.1793653522379803,1.3043326724171995,8.331285000000001,0.1710180000000000,1.5199080000000000,9.5499449999999992,UPK294,60.78317668975,+66.07187923601
281,UPK_296,63,43.33378261065,+48.28655046842,1.7345626275136234,-6.8243935056954061,1.8496765616742528,8.353424000000000,-0.0956080000000000,0.3902050000000000,8.7595430000000007,UPK296,43.33377102498,+48.28658079906
282,UPK_303,141,40.61855998920,+40.23168107501,18.0977684952886300,-24.9494846188386106,4.7191365962350966,7.946010500000000,0.1179580000000000,0.0497290000000000,6.5703170000000002,UPK303,40.61845463087,+40.23179196156
283,UPK_305,40,41.02438701256,+38.82240799094,2.8685051730382223,-6.6052588092197322,2.4147038790616850,7.899655500000000,-0.0179360000000000,0.1200405000000000,8.0599249999999998,UPK305,41.02437064876,+38.82243734765
284,UPK_31,79,285.95651769541,-8.45793235515,-0.2935932303794215,1.1691711335651358,1.7950892513453729,8.817750500000001,0.0059650000000000,0.6097275000000000,8.6499959999999998,UPK31,285.95651901461,-8.45793755147
285,UPK_312,49,68.11692887983,+56.01394813189,0.1522427173873459,-0.7839579012304629,1.3892551424826856,8.878943500000000,0.1602600000000000,0.5403110000000000,9.2896979999999996,UPK312,68.11692766937,+56.01395161615
286,UPK_33,55,280.08471651807,-4.25335330620,-0.0752451305347882,-10.9576272347678234,1.9098239843886080,8.347528000000001,0.0420090000000000,1.6398750000000000,8.6000090000000000,UPK33,280.08471685341,-4.25330460563
287,UPK_333,78,62.18654465240,+44.09810426957,2.2228847418583579,-6.1338671024501128,1.3465502747527085,8.848414000000000,0.0511695000000000,0.7400990000000000,9.2497530000000001,UPK333,62.18653089552,+44.09813153120
288,UPK_350,56,101.63514577038,+48.95412178615,-4.8380491556898519,-6.3221702387593215,2.2703113989153438,7.724738500000000,-0.1208450000000000,0.1901270000000000,8.3298299999999994,UPK350,101.63517851540,+48.95414988467
289,UPK_379,42,94.19487067257,+30.90477605617,-0.9753160718477110,-4.2966439987258047,1.2710714175742477,9.022891000000000,-0.1530174999999999,0.6898530000000000,9.4398409999999995,UPK379,94.19487572459,+30.90479515236
290,UPK_38,215,281.48807253314,-2.08481102658,0.0237849611237760,-5.9868172374328905,1.5402351738329232,7.151181500000000,-0.0250870000000000,2.0883850000000002,8.8980899999999998,UPK38,281.48807242736,-2.08478441850
291,UPK_381,58,95.35137081804,+29.17965320925,0.4342543389180794,-2.9465450481609281,1.3463814537723957,8.579488000000001,0.1000560000000000,0.2300540000000000,9.2599339999999994,UPK381,95.35136860749,+29.17966630501
292,UPK_385,44,75.64977979122,+13.03134925135,1.8418574482348613,-3.4309104373049859,3.1016629937664359,7.063967000000000,-0.1160530000000000,0.8697510000000001,7.5400299999999998,UPK385,75.64977138880,+13.03136449984
293,UPK_394,79,78.81749883250,+6.30276105054,-0.4349769410413170,-2.0393777659469463,1.1818467274253279,8.275221999999999,-0.0121145000000000,0.3097685000000000,9.5001250000000006,UPK394,78.81750077748,+6.30277011444
294,UPK_398,84,85.99530585925,+7.02416679672,-3.2128709731305012,-1.7767459356420268,2.2001277242090160,7.023395500000000,0.0074234999999999,0.3793580000000000,8.2519379999999991,UPK398,85.99532024666,+7.02417469337
295,UPK_4,106,281.34951666429,-23.77683968565,-2.0218355176987481,-6.4181339623313063,1.2215659248285913,8.669736499999999,0.0350300000000000,1.0396440000000000,9.5899239999999999,UPK4,281.34952648367,-23.77681116061
296,UPK_40,63,292.76005422798,-6.63726854087,0.2953555419006403,-9.1695836151210113,1.4542290146079495,8.706116000000000,0.0932240000000000,0.6901910000000000,9.1197704999999996,UPK40,292.76005290643,-6.63722778717
297,UPK_402,50,87.51733102266,+2.81178861763,-1.1370327609141089,-1.8049701084788985,2.4314899308541902,7.081791000000000,0.0087550000000000,1.2570500000000000,8.1913040000000006,UPK402,87.51733608223,+2.81179663972
298,UPK_418,51,112.61460503347,+5.70493830336,-2.6655153732063761,-1.5550032203943329,1.1397549587836289,7.234045000000000,-0.2198930000000000,0.0100965000000000,9.8299880000000002,UPK418,112.61461693918,+5.70494521449
299,UPK_42,113,293.92620563649,-3.65190802370,-0.4300788180346871,-5.0382612357519179,1.6478162519008801,8.790958000000000,-0.0359250000000000,1.0596749999999999,8.8798879999999993,UPK42,293.92620755184,-3.65188563143
300,UPK_422,147,88.01005843224,-7.46669376896,0.1498897960701848,-0.5793599706608737,3.3063710979223635,7.342577000000000,0.0609280000000000,0.2595070000000000,7.3500220000000001,UPK422,88.01005776037,-7.46669119402
301,UPK_429,96,108.89897283639,-0.83287014507,-1.9516189354013087,0.0973477238493391,1.0644485768618162,8.176659000000001,-0.0196595000000000,0.0903740000000000,9.7795965000000002,UPK429,108.89898151117,-0.83287057773
302,UPK_431,94,108.23164457926,-2.50506154321,-2.4309814686543803,0.7094727532670856,1.3194334069969620,8.773308499999999,-0.0703280000000000,0.0036200000000000,9.3493530000000007,UPK431,108.23165539396,-2.50506469642
303,UPK_433,50,103.39727303611,-5.65577314835,-0.7631726086220875,-2.5032525670046253,1.2322989878741566,8.552846000000001,0.0409945000000000,0.2499510000000000,9.4799720000000001,UPK433,103.39727644458,-5.65576202278
304,UPK_436,92,100.27964591173,-8.15612925119,-4.0980873609022392,0.6535345196661542,1.1514442434767211,7.303355500000000,0.0491350000000000,0.2300580000000000,9.6399109999999997,UPK436,100.27966431156,-8.15613215579
305,UPK_442,65,98.22983976909,-12.04515069143,-2.5234708268677601,-1.3808976059581244,1.5359437961449531,7.635398000000000,-0.1517830000000000,0.2602290000000000,8.9698490000000000,UPK442,98.22985123700,-12.04514455411
306,UPK_445,171,92.27309792234,-15.02679886500,-2.4769896702307657,1.4328339651868069,1.4505632550986605,7.255064000000000,-0.1091015000000000,0.6996235000000000,9.1097234999999994,UPK445,92.27310932096,-15.02680523315
307,UPK_45,105,291.67937174333,+0.03573887150,-0.6084214086258816,-2.1621625229900938,1.0741570409730994,7.669506500000001,-0.0297290000000000,0.8299434999999999,9.7596410000000002,UPK45,291.67937444743,+0.03574848111
308,UPK_452,24,110.34175593807,-11.64100635175,-5.7780284791369114,3.1023776862440231,1.5660553280675202,8.128204000000000,-0.0729160000000000,0.2800760000000000,9.0199154999999998,UPK452,110.34178215750,-11.64102014010
309,UPK_46,72,294.54206830235,-1.43718361915,0.1356389873292819,-8.5697585504525051,1.4157726080379540,8.317648999999999,0.0689340000000000,0.6396520000000000,9.2000100000000007,UPK46,294.54206769932,-1.43714553133
310,UPK_467,105,121.21132563526,-11.39940686768,-6.9124914947559031,-1.6104954747870674,1.6587088291285583,8.006313000000000,-0.0828980000000000,0.1301705000000000,8.8098089999999996,UPK467,121.21135697569,-11.39939970993
311,UPK_468,74,118.58912123107,-13.21850551563,-2.1030161245026928,0.1645690394773616,0.9989739577194297,7.916059000000000,-0.1648720000000000,0.1701524999999999,9.6798950000000001,UPK468,118.58913083219,-13.21850624705
312,UPK_495,85,105.54111133387,-40.91225418430,-2.3878927122882025,5.9274540961098126,1.5047432075749081,9.050836000000000,-0.2220750000000000,0.0510330000000000,9.0992855000000006,UPK495,105.54112537737,-40.91228052854
313,UPK_5,92,273.20615380185,-18.37063405893,0.6789941016700335,-8.4641976494323750,1.7311828140053194,8.350707000000000,0.0245390000000000,0.2707250000000000,8.8393090000000001,UPK5,273.20615062205,-18.37059644027
314,UPK_502,85,124.28726556159,-37.80978495882,-8.0528007090535851,5.7062140206393916,1.4048214330710864,8.352122000000000,0.1582545000000000,0.1702280000000000,9.2696539999999992,UPK502,124.28731086281,-37.80981031976
315,UPK_508,63,135.82755511268,-35.00955668374,-10.4985818772972515,6.2478384937286426,1.1463544657888112,8.341807500000000,0.2433470000000000,0.6489175000000000,9.6006169999999997,UPK508,135.82761208114,-35.00958445190
316,UPK_51,50,314.09446692071,-6.69324682133,5.1250782786547209,1.9451815164590085,1.7157914823503035,7.941475000000000,-0.0318200000000000,0.0602690000000000,8.8197510000000001,UPK51,314.09444398627,-6.69325546658
317,UPK_524,38,105.47656671951,-55.19007871997,-2.7578448097796850,8.6422556462371993,1.7955485562849589,8.085251000000000,-0.0910540000000000,0.2998925000000000,8.7799779999999998,UPK524,105.47658819096,-55.19011713000
318,UPK_526,79,114.39458710758,-52.83611898062,-7.8402741760355923,7.6884960666005657,1.7273975866242706,7.303563000000000,-0.0298870000000000,0.4499900000000000,8.9798139999999993,UPK526,114.39464478987,-52.83615315170
319,UPK_53,184,288.48005479274,+14.33049928671,2.4092412456022929,1.0123111290013422,1.6421990463998644,8.686447000000001,0.1189000000000000,0.9789540000000000,8.9700450000000007,UPK53,288.48004374112,+14.33049478755
320,UPK_533,51,123.41754091515,-52.49481180721,-6.9581129935582613,2.5168158619045959,2.8961029127456599,7.795332500000001,-0.1086650000000000,0.0103850000000000,7.6896649999999998,UPK533,123.41759170895,-52.49482299305
321,UPK_535,119,126.87428825021,-50.76028101309,-12.9156559205323713,3.3180729289671271,3.0811597130744284,7.411824500000000,-0.0286860000000000,0.0700410000000000,7.5298160000000003,UPK535,126.87437899632,-50.76029576005
322,UPK_537,80,126.64580345798,-51.70497061579,-6.5659996307391975,7.7234631370853464,1.6193363224903361,8.349384000000001,0.0821410000000000,0.5398960000000000,8.9898209999999992,UPK537,126.64585054807,-51.70500494229
323,UPK_54,256,286.40658881938,+15.25794868095,-0.5698437761320347,-5.9366537449440209,1.1144248770202227,7.998808000000000,0.3203690000000000,0.9378625000000000,9.5311594999999993,UPK54,286.40659144456,+15.25797506608
324,UPK_540,68,114.64876513468,-58.71124216691,-4.8100786643925009,7.7700636414105011,2.7104950151872860,7.486645500000000,-0.0078200000000000,0.3199085000000000,7.7799069999999997,UPK540,114.64880629784,-58.71127670052
325,UPK_542,115,133.92274297380,-54.60010966202,-4.9772187460690978,2.6972192173942915,1.1520565898217996,7.951190000000000,-0.0504570000000000,0.4889140000000000,9.5403870000000008,UPK542,133.92278116084,-54.60012164965
326,UPK_545,465,130.43545110435,-58.06438277279,-8.5870538617881973,2.7203315538321040,2.9275417395617853,7.929398500000000,0.1195940000000000,0.2672310000000000,7.7015570000000002,UPK545,130.43552325397,-58.06439486313
327,UPK_55,95,296.72309262717,+10.48654456752,-1.4226586303769015,-6.8681087311961528,1.2166856628259779,8.349074500000000,0.0421585000000000,0.5399700000000000,9.4298520000000003,UPK55,296.72309905750,+10.48657509245
328,UPK_552,64,158.39503970480,-47.17993077015,-22.5189398963470886,6.5945493096720833,3.0486955408503054,7.873214000000000,-0.0396495000000000,0.0008420000000000,7.5597310000000002,UPK552,158.39518695283,-47.17996007916
329,UPK_560,135,158.11261314980,-44.41941828651,-12.4259540291166957,3.9155687576103171,1.6431294361288815,8.783668499999999,-0.1115840000000000,0.0702650000000000,8.8895264999999988,UPK560,158.11269047231,-44.41943568901
330,UPK_562,115,166.11962169710,-56.97271168505,-11.6712138758976351,4.7700977829387172,1.1795352256811988,7.956575500000000,-0.0325590000000000,0.3689605000000000,9.5204839999999997,UPK562,166.11971686855,-56.97273288545
331,UPK_567,76,161.09695669758,-67.55157641541,-6.3775256382236591,0.1291217979097347,1.5244457253493562,8.688924500000001,-0.0148220000000000,0.4699480000000000,9.0498100000000008,UPK567,161.09703092683,-67.55157698927
332,UPK_578,82,193.02994404375,-57.36940987475,-12.9607055472734700,-4.6091455879586123,1.0160414028096691,8.864847999999999,0.1447695000000000,0.6993850000000000,9.9001420000000007,UPK578,193.03005087037,-57.36938938961
333,UPK_579,154,193.33274664839,-50.55503610323,-10.6314539327567736,-3.2653968227479537,1.3345639160172194,8.021167000000000,-0.0055820000000000,0.1106430000000000,9.2295420000000004,UPK579,193.33282101981,-50.55502159033
334,UPK_585,78,211.89783145518,-75.92207334814,-6.8993910189751686,-5.2410315273617023,1.3298163154808349,7.813691000000000,-0.0746465000000000,0.2003990000000000,9.2395905000000003,UPK585,211.89795751891,-75.92205005463
335,UPK_587,90,201.05275777586,-49.90415834199,-8.8640650462858357,-2.6208745192936584,1.0456300421378737,8.051121000000000,0.1252625000000000,0.1403495000000000,9.7697040000000008,UPK587,201.05281894305,-49.90414669365
336,UPK_594,115,219.15295328413,-67.84420556735,-2.0906962532274727,-3.1471867872760444,1.0171937082013860,7.868221000000000,0.1126630000000000,0.8091970000000001,9.8603260000000006,UPK594,219.15297792303,-67.84419157985
337,UPK_599,85,205.74641632626,-38.52665212610,-9.9804839484719992,0.2235112029856161,1.4340715535594450,7.390290000000000,0.1369355000000000,0.0998680000000000,9.0699609999999993,UPK599,205.74647302657,-38.52665311946
338,UPK_604,75,224.05544394208,-59.66837407618,-4.4426593854447383,-3.7624921216937679,1.2679312110819525,7.206612000000000,-0.2089910000000000,0.9998030000000000,9.2398115000000001,UPK604,224.05548304105,-59.66835735399
339,UPK_605,74,234.51839675381,-65.98734913141,-3.6481714698169210,-4.2972972861373151,1.2962509201486956,7.947550000000000,-0.1327285000000000,0.1603110000000000,9.3296700000000001,UPK605,234.51843659789,-65.98733003230
340,UPK_607,74,224.92760325981,-57.17588669852,-4.2331808307738381,-3.1693768536425422,1.0470582281114695,7.319653000000000,0.0099810000000000,0.7898849999999999,9.8199954999999992,UPK607,224.92763796826,-57.17587261239
341,UPK_612,170,254.84942650926,-68.07802923934,-13.1821760990652272,-12.2394655676076365,4.3065821561143576,7.777701000000000,-0.0752440000000000,0.0508630000000000,6.9193674999999999,UPK612,254.84958343527,-68.07797484164
342,UPK_613,37,226.23220712536,-49.12043305249,-4.4988863125740499,-3.6755452615868220,1.0761602015131284,7.920992000000000,-0.0331920000000000,0.2812210000000000,9.6481224999999995,UPK613,226.23223767681,-49.12041671673
343,UPK_614,90,231.33465396463,-53.95035566520,-1.9002952899964001,-4.3992371460923119,1.0379443597878359,7.954191000000000,0.0362830000000000,0.3602495000000000,9.7596620000000005,UPK614,231.33466831630,-53.95033611303
344,UPK_617,90,234.81645097592,-55.38294878332,-2.7970845601685403,-5.2892967956529224,1.3274055219561705,7.994239000000000,0.0330735000000000,0.4599430000000000,9.2698660000000004,UPK617,234.81647285891,-55.38292527534
345,UPK_621,82,237.01938385013,-54.40143076391,-2.5557117577054140,-3.0864785763358573,1.0764239499006421,7.680719000000000,0.1498490000000000,0.6596390000000000,9.6301205000000003,UPK621,237.01940336338,-54.40141704623
346,UPK_624,58,254.08786833735,-60.30089389817,-1.5450175879088617,-14.3607109315076862,3.1234843310688492,7.644715500000000,0.2057120000000000,0.4993830000000000,7.5102739999999999,UPK624,254.08788219707,-60.30083007279
347,UPK_626,60,239.80118484607,-50.41875462808,-7.4472440259754524,-5.6878396117430796,1.9429468381354160,8.437841000000001,-0.0837450000000000,0.4801780000000000,8.5297865000000002,UPK626,239.80123679258,-50.41872934878
348,UPK_627,41,245.36298437966,-53.14348518474,-2.5189741532716927,-10.0788318928735112,1.8646170649201923,8.489685500000000,-0.0737020000000000,0.2202535000000000,8.6396890000000006,UPK627,245.36300304452,-53.14344038993
349,UPK_629,71,255.14534763300,-56.10308004474,0.5861097408764606,-3.7422329409293078,1.0186555842932747,8.696463000000000,0.0073585000000000,0.3604260000000000,9.8796140000000001,UPK629,255.14534296216,-56.10306341260
350,UPK_630,84,249.26465298965,-51.25050091293,-1.7462125398834831,-2.3152255233614918,1.0447320281055992,7.928253000000000,0.1923910000000000,0.2503105000000000,9.7495720000000006,UPK630,249.26466538898,-51.25049062303
351,UPK_640,983,249.18634099162,-39.49693761418,-12.4088158051356192,-21.4908814473429715,5.7012789196002256,7.228036500000000,0.1483040000000000,0.3931700000000000,6.2106890000000003,UPK640,249.18641246133,-39.49684209913
352,UPK_642,37,263.14996629368,-44.22761966897,2.2709665791893050,-4.3838428702210273,1.0011743119836949,8.301389000000000,0.2099640000000000,0.2700035000000000,9.8100280000000009,UPK642,263.14995220836,-44.22760018522
353,UPK_644,95,249.23561695735,-31.26219029539,-3.8748902283950559,-3.3746592395404069,1.2963233096331861,8.828102999999999,-0.0276300000000000,0.3404910000000000,9.3595629999999996,UPK644,249.23563710440,-31.26217529690
354,UPK_645,58,270.17901881765,-42.76712011101,2.7352407730719248,-2.8884101139050635,1.3802229892760505,8.562549499999999,-0.0071310000000000,0.3496800000000000,9.2201240000000002,UPK645,270.17900225819,-42.76710727363
355,UPK_65,70,286.49093743828,+23.26627048543,-1.8228204773775585,-3.6488210172487361,1.2806302258434481,8.649336500000000,0.1229810000000000,0.7996565000000000,9.3600499999999993,UPK65,286.49094625683,+23.26628670241
356,UPK_654,101,277.22047342214,-34.52038414983,1.1715190583765889,-8.6558282904518631,1.9245531555004800,7.830474000000000,-0.0464005000000000,0.1608230000000000,8.5793499999999998,UPK654,277.22046710269,-34.52034567948
357,UPK_66,75,305.41587782464,+13.45342076355,0.4403514165932800,-10.0036177469818917,1.4474276601258436,8.140605499999999,-0.0121430000000000,0.2596585000000000,9.1201039999999995,UPK66,305.41587581230,+13.45346522407
358,UPK_7,79,276.79511515356,-17.33514373691,-0.3200874311741780,-5.7473835559215418,1.1975033726062749,8.352473000000000,0.0838315000000000,0.8896280000000000,9.4702099999999998,UPK7,276.79511664386,-17.33511819298
359,UPK_79,96,303.68284611804,+21.57218203706,-1.5746635363362991,-4.8238559488105608,0.9329352376538020,8.243485000000000,0.0574430000000000,0.2418850000000000,9.7843874999999993,UPK79,303.68285364368,+21.57220347642
360,UPK_80,61,293.99513087591,+28.26588623722,1.2063412843502648,-1.0535954138361303,1.0765952904380856,8.755988500000001,0.2148080000000000,0.4395970000000000,9.7701775000000008,UPK80,293.99512478853,+28.26589091986
361,UPK_82,215,298.10243855659,+26.43848228167,2.1195944686284989,-2.2059506798491841,1.7765252861798648,7.921541500000000,0.0337435000000000,0.3791090000000000,8.7201160000000009,UPK82,298.10242803584,+26.43849208589
362,UPK_84,167,310.23102744548,+20.19142947875,-6.2934302939664661,-9.2965258280176784,1.0485103364531638,8.979359500000001,-0.0591290000000000,0.3093020000000000,9.8798150000000007,UPK84,310.23105724780,+20.19147079664
363,UPK_88,31,309.46682894168,+21.89364888446,10.1377512749957344,-5.3492479590386921,3.3593321698664500,7.573945000000000,0.0099300000000000,0.2698200000000000,7.2300825000000000,UPK88,309.46678038281,+21.89367265888
364,UPK_90,69,299.73433669783,+28.41755723898,-0.8712435162393317,-5.6462115964212902,1.2004545647697149,8.005174000000000,0.0754970000000000,0.8490740000000000,9.4904890000000002,UPK90,299.73434110054,+28.41758233325
365,UPK_93,80,300.33652672383,+30.05170046204,-0.8531989173764479,-8.1718791393422663,1.3503117153520536,8.830048000000000,-0.0940120000000000,0.3198060000000000,9.1998990000000003,UPK93,300.33653110473,+30.05173678150
366,UPK_94,41,304.72193155043,+27.62292831737,2.1390574088345629,1.0121340449578351,1.0076153218282962,7.838441000000000,0.1087270000000000,0.9794995000000000,9.8902979999999996,UPK94,304.72192082049,+27.62292381899
367,UPK_99,62,312.56736498838,+25.55174532208,0.3799247906530882,-7.6667136180222091,1.1742413549295332,8.129054999999999,-0.1000680000000000,0.2798140000000000,9.4099679999999992,UPK99,312.56736311678,+25.55177939636
368,vdBergh_80,158,97.63541723610,-9.54821645474,-3.2577955676439001,0.7362365806109661,0.9756437194095514,6.995075500000000,-0.1408200000000000,1.5021640000000001,9.8033289999999997,ClvdB80,97.63543191859,-9.54821972690
369,vdBergh_83,64,100.10397081947,-27.18595992336,-2.7926586828791198,3.3048226615874023,1.0348578834852651,7.476266499999999,0.0106375000000000,0.5085965000000000,9.7496500000000008,ClvdB83,100.10398477273,-27.18597461146

